route,bus_id,stop_order,stop_name,time
〈軽井沢町内循環バス（東・南廻り線）外回り〉,〈軽井沢町内循環バス（東・南廻り線）外回り〉_便1,1,中軽井沢駅,08:24:00
〈軽井沢町内循環バス（東・南廻り線）外回り〉,〈軽井沢町内循環バス（東・南廻り線）外回り〉_便2,1,中軽井沢駅,09:39:00
〈軽井沢町内循環バス（東・南廻り線）外回り〉,〈軽井沢町内循環バス（東・南廻り線）外回り〉_便3,1,中軽井沢駅,11:39:00
〈軽井沢町内循環バス（東・南廻り線）外回り〉,〈軽井沢町内循環バス（東・南廻り線）外回り〉_便4,1,中軽井沢駅,14:04:00
〈軽井沢町内循環バス（東・南廻り線）外回り〉,〈軽井沢町内循環バス（東・南廻り線）外回り〉_便5,1,中軽井沢駅,15:59:00
〈軽井沢町内循環バス（東・南廻り線）外回り〉,〈軽井沢町内循環バス（東・南廻り線）外回り〉_便6,1,中軽井沢駅,17:44:00
〈軽井沢町内循環バス（東・南廻り線）外回り〉,〈軽井沢町内循環バス（東・南廻り線）外回り〉_便1,2,軽井沢病院,08:28:00
〈軽井沢町内循環バス（東・南廻り線）外回り〉,〈軽井沢町内循環バス（東・南廻り線）外回り〉_便2,2,軽井沢病院,09:43:00
〈軽井沢町内循環バス（東・南廻り線）外回り〉,〈軽井沢町内循環バス（東・南廻り線）外回り〉_便3,2,軽井沢病院,11:43:00
〈軽井沢町内循環バス（東・南廻り線）外回り〉,〈軽井沢町内循環バス（東・南廻り線）外回り〉_便4,2,軽井沢病院,14:08:00
〈軽井沢町内循環バス（東・南廻り線）外回り〉,〈軽井沢町内循環バス（東・南廻り線）外回り〉_便5,2,軽井沢病院,16:03:00
〈軽井沢町内循環バス（東・南廻り線）外回り〉,〈軽井沢町内循環バス（東・南廻り線）外回り〉_便6,2,軽井沢病院,17:48:00
〈軽井沢町内循環バス（東・南廻り線）外回り〉,〈軽井沢町内循環バス（東・南廻り線）外回り〉_便1,3,中学校前,08:29:00
〈軽井沢町内循環バス（東・南廻り線）外回り〉,〈軽井沢町内循環バス（東・南廻り線）外回り〉_便2,3,中学校前,09:44:00
〈軽井沢町内循環バス（東・南廻り線）外回り〉,〈軽井沢町内循環バス（東・南廻り線）外回り〉_便3,3,中学校前,11:44:00
〈軽井沢町内循環バス（東・南廻り線）外回り〉,〈軽井沢町内循環バス（東・南廻り線）外回り〉_便4,3,中学校前,14:09:00
〈軽井沢町内循環バス（東・南廻り線）外回り〉,〈軽井沢町内循環バス（東・南廻り線）外回り〉_便5,3,中学校前,16:04:00
〈軽井沢町内循環バス（東・南廻り線）外回り〉,〈軽井沢町内循環バス（東・南廻り線）外回り〉_便6,3,中学校前,17:49:00
〈軽井沢町内循環バス（東・南廻り線）外回り〉,〈軽井沢町内循環バス（東・南廻り線）外回り〉_便1,4,図書館前,08:30:00
〈軽井沢町内循環バス（東・南廻り線）外回り〉,〈軽井沢町内循環バス（東・南廻り線）外回り〉_便2,4,図書館前,09:45:00
〈軽井沢町内循環バス（東・南廻り線）外回り〉,〈軽井沢町内循環バス（東・南廻り線）外回り〉_便3,4,図書館前,11:45:00
〈軽井沢町内循環バス（東・南廻り線）外回り〉,〈軽井沢町内循環バス（東・南廻り線）外回り〉_便4,4,図書館前,14:10:00
〈軽井沢町内循環バス（東・南廻り線）外回り〉,〈軽井沢町内循環バス（東・南廻り線）外回り〉_便5,4,図書館前,16:05:00
〈軽井沢町内循環バス（東・南廻り線）外回り〉,〈軽井沢町内循環バス（東・南廻り線）外回り〉_便6,4,図書館前,17:50:00
〈軽井沢町内循環バス（東・南廻り線）外回り〉,〈軽井沢町内循環バス（東・南廻り線）外回り〉_便1,5,離山,08:30:00
〈軽井沢町内循環バス（東・南廻り線）外回り〉,〈軽井沢町内循環バス（東・南廻り線）外回り〉_便2,5,離山,09:45:00
〈軽井沢町内循環バス（東・南廻り線）外回り〉,〈軽井沢町内循環バス（東・南廻り線）外回り〉_便3,5,離山,11:45:00
〈軽井沢町内循環バス（東・南廻り線）外回り〉,〈軽井沢町内循環バス（東・南廻り線）外回り〉_便4,5,離山,14:10:00
〈軽井沢町内循環バス（東・南廻り線）外回り〉,〈軽井沢町内循環バス（東・南廻り線）外回り〉_便6,5,離山,17:50:00
〈軽井沢町内循環バス（東・南廻り線）外回り〉,〈軽井沢町内循環バス（東・南廻り線）外回り〉_便5,6,高校前,16:07:00
〈軽井沢町内循環バス（東・南廻り線）外回り〉,〈軽井沢町内循環バス（東・南廻り線）外回り〉_便5,7,高校東,16:07:00
〈軽井沢町内循環バス（東・南廻り線）外回り〉,〈軽井沢町内循環バス（東・南廻り線）外回り〉_便1,8,泉の里,08:31:00
〈軽井沢町内循環バス（東・南廻り線）外回り〉,〈軽井沢町内循環バス（東・南廻り線）外回り〉_便2,8,泉の里,09:46:00
〈軽井沢町内循環バス（東・南廻り線）外回り〉,〈軽井沢町内循環バス（東・南廻り線）外回り〉_便3,8,泉の里,11:46:00
〈軽井沢町内循環バス（東・南廻り線）外回り〉,〈軽井沢町内循環バス（東・南廻り線）外回り〉_便4,8,泉の里,14:11:00
〈軽井沢町内循環バス（東・南廻り線）外回り〉,〈軽井沢町内循環バス（東・南廻り線）外回り〉_便5,8,泉の里,16:08:00
〈軽井沢町内循環バス（東・南廻り線）外回り〉,〈軽井沢町内循環バス（東・南廻り線）外回り〉_便6,8,泉の里,17:51:00
〈軽井沢町内循環バス（東・南廻り線）外回り〉,〈軽井沢町内循環バス（東・南廻り線）外回り〉_便1,9,東部小学校,08:32:00
〈軽井沢町内循環バス（東・南廻り線）外回り〉,〈軽井沢町内循環バス（東・南廻り線）外回り〉_便2,9,東部小学校,09:47:00
〈軽井沢町内循環バス（東・南廻り線）外回り〉,〈軽井沢町内循環バス（東・南廻り線）外回り〉_便3,9,東部小学校,11:47:00
〈軽井沢町内循環バス（東・南廻り線）外回り〉,〈軽井沢町内循環バス（東・南廻り線）外回り〉_便4,9,東部小学校,14:12:00
〈軽井沢町内循環バス（東・南廻り線）外回り〉,〈軽井沢町内循環バス（東・南廻り線）外回り〉_便5,9,東部小学校,16:09:00
〈軽井沢町内循環バス（東・南廻り線）外回り〉,〈軽井沢町内循環バス（東・南廻り線）外回り〉_便6,9,東部小学校,17:52:00
〈軽井沢町内循環バス（東・南廻り線）外回り〉,〈軽井沢町内循環バス（東・南廻り線）外回り〉_便1,10,野沢原,08:32:00
〈軽井沢町内循環バス（東・南廻り線）外回り〉,〈軽井沢町内循環バス（東・南廻り線）外回り〉_便2,10,野沢原,09:47:00
〈軽井沢町内循環バス（東・南廻り線）外回り〉,〈軽井沢町内循環バス（東・南廻り線）外回り〉_便3,10,野沢原,11:47:00
〈軽井沢町内循環バス（東・南廻り線）外回り〉,〈軽井沢町内循環バス（東・南廻り線）外回り〉_便4,10,野沢原,14:12:00
〈軽井沢町内循環バス（東・南廻り線）外回り〉,〈軽井沢町内循環バス（東・南廻り線）外回り〉_便5,10,野沢原,16:09:00
〈軽井沢町内循環バス（東・南廻り線）外回り〉,〈軽井沢町内循環バス（東・南廻り線）外回り〉_便6,10,野沢原,17:52:00
〈軽井沢町内循環バス（東・南廻り線）外回り〉,〈軽井沢町内循環バス（東・南廻り線）外回り〉_便1,11,六本辻・雲場池,08:33:00
〈軽井沢町内循環バス（東・南廻り線）外回り〉,〈軽井沢町内循環バス（東・南廻り線）外回り〉_便2,11,六本辻・雲場池,09:48:00
〈軽井沢町内循環バス（東・南廻り線）外回り〉,〈軽井沢町内循環バス（東・南廻り線）外回り〉_便3,11,六本辻・雲場池,11:48:00
〈軽井沢町内循環バス（東・南廻り線）外回り〉,〈軽井沢町内循環バス（東・南廻り線）外回り〉_便4,11,六本辻・雲場池,14:13:00
〈軽井沢町内循環バス（東・南廻り線）外回り〉,〈軽井沢町内循環バス（東・南廻り線）外回り〉_便5,11,六本辻・雲場池,16:10:00
〈軽井沢町内循環バス（東・南廻り線）外回り〉,〈軽井沢町内循環バス（東・南廻り線）外回り〉_便6,11,六本辻・雲場池,17:53:00
〈軽井沢町内循環バス（東・南廻り線）外回り〉,〈軽井沢町内循環バス（東・南廻り線）外回り〉_便1,12,旧軽井沢,08:35:00
〈軽井沢町内循環バス（東・南廻り線）外回り〉,〈軽井沢町内循環バス（東・南廻り線）外回り〉_便2,12,旧軽井沢,09:50:00
〈軽井沢町内循環バス（東・南廻り線）外回り〉,〈軽井沢町内循環バス（東・南廻り線）外回り〉_便3,12,旧軽井沢,11:50:00
〈軽井沢町内循環バス（東・南廻り線）外回り〉,〈軽井沢町内循環バス（東・南廻り線）外回り〉_便4,12,旧軽井沢,14:15:00
〈軽井沢町内循環バス（東・南廻り線）外回り〉,〈軽井沢町内循環バス（東・南廻り線）外回り〉_便5,12,旧軽井沢,16:12:00
〈軽井沢町内循環バス（東・南廻り線）外回り〉,〈軽井沢町内循環バス（東・南廻り線）外回り〉_便6,12,旧軽井沢,17:55:00
〈軽井沢町内循環バス（東・南廻り線）外回り〉,〈軽井沢町内循環バス（東・南廻り線）外回り〉_便1,13,中部電力,08:35:00
〈軽井沢町内循環バス（東・南廻り線）外回り〉,〈軽井沢町内循環バス（東・南廻り線）外回り〉_便2,13,中部電力,09:50:00
〈軽井沢町内循環バス（東・南廻り線）外回り〉,〈軽井沢町内循環バス（東・南廻り線）外回り〉_便3,13,中部電力,11:50:00
〈軽井沢町内循環バス（東・南廻り線）外回り〉,〈軽井沢町内循環バス（東・南廻り線）外回り〉_便4,13,中部電力,14:15:00
〈軽井沢町内循環バス（東・南廻り線）外回り〉,〈軽井沢町内循環バス（東・南廻り線）外回り〉_便5,13,中部電力,16:12:00
〈軽井沢町内循環バス（東・南廻り線）外回り〉,〈軽井沢町内循環バス（東・南廻り線）外回り〉_便6,13,中部電力,17:55:00
〈軽井沢町内循環バス（東・南廻り線）外回り〉,〈軽井沢町内循環バス（東・南廻り線）外回り〉_便1,14,新道,08:36:00
〈軽井沢町内循環バス（東・南廻り線）外回り〉,〈軽井沢町内循環バス（東・南廻り線）外回り〉_便2,14,新道,09:51:00
〈軽井沢町内循環バス（東・南廻り線）外回り〉,〈軽井沢町内循環バス（東・南廻り線）外回り〉_便3,14,新道,11:51:00
〈軽井沢町内循環バス（東・南廻り線）外回り〉,〈軽井沢町内循環バス（東・南廻り線）外回り〉_便4,14,新道,14:16:00
〈軽井沢町内循環バス（東・南廻り線）外回り〉,〈軽井沢町内循環バス（東・南廻り線）外回り〉_便5,14,新道,16:13:00
〈軽井沢町内循環バス（東・南廻り線）外回り〉,〈軽井沢町内循環バス（東・南廻り線）外回り〉_便6,14,新道,17:56:00
〈軽井沢町内循環バス（東・南廻り線）外回り〉,〈軽井沢町内循環バス（東・南廻り線）外回り〉_便1,15,軽井沢駅,08:40:00
〈軽井沢町内循環バス（東・南廻り線）外回り〉,〈軽井沢町内循環バス（東・南廻り線）外回り〉_便2,15,軽井沢駅,09:55:00
〈軽井沢町内循環バス（東・南廻り線）外回り〉,〈軽井沢町内循環バス（東・南廻り線）外回り〉_便3,15,軽井沢駅,11:55:00
〈軽井沢町内循環バス（東・南廻り線）外回り〉,〈軽井沢町内循環バス（東・南廻り線）外回り〉_便4,15,軽井沢駅,14:20:00
〈軽井沢町内循環バス（東・南廻り線）外回り〉,〈軽井沢町内循環バス（東・南廻り線）外回り〉_便5,15,軽井沢駅,16:17:00
〈軽井沢町内循環バス（東・南廻り線）外回り〉,〈軽井沢町内循環バス（東・南廻り線）外回り〉_便6,15,軽井沢駅,18:00:00
〈軽井沢町内循環バス（東・南廻り線）内回り〉,〈軽井沢町内循環バス（東・南廻り線）内回り〉_便1,1,中軽井沢駅,08:22:00
〈軽井沢町内循環バス（東・南廻り線）内回り〉,〈軽井沢町内循環バス（東・南廻り線）内回り〉_便2,1,中軽井沢駅,09:36:00
〈軽井沢町内循環バス（東・南廻り線）内回り〉,〈軽井沢町内循環バス（東・南廻り線）内回り〉_便3,1,中軽井沢駅,11:56:00
〈軽井沢町内循環バス（東・南廻り線）内回り〉,〈軽井沢町内循環バス（東・南廻り線）内回り〉_便4,1,中軽井沢駅,13:11:00
〈軽井沢町内循環バス（東・南廻り線）内回り〉,〈軽井沢町内循環バス（東・南廻り線）内回り〉_便5,1,中軽井沢駅,14:36:00
〈軽井沢町内循環バス（東・南廻り線）内回り〉,〈軽井沢町内循環バス（東・南廻り線）内回り〉_便6,1,中軽井沢駅,18:36:00
〈軽井沢町内循環バス（東・南廻り線）内回り〉,〈軽井沢町内循環バス（東・南廻り線）内回り〉_便1,2,JA軽井沢支所前,08:23:00
〈軽井沢町内循環バス（東・南廻り線）内回り〉,〈軽井沢町内循環バス（東・南廻り線）内回り〉_便2,2,JA軽井沢支所前,09:37:00
〈軽井沢町内循環バス（東・南廻り線）内回り〉,〈軽井沢町内循環バス（東・南廻り線）内回り〉_便3,2,JA軽井沢支所前,11:57:00
〈軽井沢町内循環バス（東・南廻り線）内回り〉,〈軽井沢町内循環バス（東・南廻り線）内回り〉_便4,2,JA軽井沢支所前,13:12:00
〈軽井沢町内循環バス（東・南廻り線）内回り〉,〈軽井沢町内循環バス（東・南廻り線）内回り〉_便5,2,JA軽井沢支所前,14:37:00
〈軽井沢町内循環バス（東・南廻り線）内回り〉,〈軽井沢町内循環バス（東・南廻り線）内回り〉_便6,2,JA軽井沢支所前,18:37:00
〈軽井沢町内循環バス（東・南廻り線）内回り〉,〈軽井沢町内循環バス（東・南廻り線）内回り〉_便1,3,島井原団地前（ﾂﾙﾔ前）,08:25:00
〈軽井沢町内循環バス（東・南廻り線）内回り〉,〈軽井沢町内循環バス（東・南廻り線）内回り〉_便2,3,島井原団地前（ﾂﾙﾔ前）,09:39:00
〈軽井沢町内循環バス（東・南廻り線）内回り〉,〈軽井沢町内循環バス（東・南廻り線）内回り〉_便3,3,島井原団地前（ﾂﾙﾔ前）,11:59:00
〈軽井沢町内循環バス（東・南廻り線）内回り〉,〈軽井沢町内循環バス（東・南廻り線）内回り〉_便4,3,島井原団地前（ﾂﾙﾔ前）,13:14:00
〈軽井沢町内循環バス（東・南廻り線）内回り〉,〈軽井沢町内循環バス（東・南廻り線）内回り〉_便5,3,島井原団地前（ﾂﾙﾔ前）,14:39:00
〈軽井沢町内循環バス（東・南廻り線）内回り〉,〈軽井沢町内循環バス（東・南廻り線）内回り〉_便6,3,島井原団地前（ﾂﾙﾔ前）,18:39:00
〈軽井沢町内循環バス（東・南廻り線）内回り〉,〈軽井沢町内循環バス（東・南廻り線）内回り〉_便1,4,島井原西,08:25:00
〈軽井沢町内循環バス（東・南廻り線）内回り〉,〈軽井沢町内循環バス（東・南廻り線）内回り〉_便2,4,島井原西,09:39:00
〈軽井沢町内循環バス（東・南廻り線）内回り〉,〈軽井沢町内循環バス（東・南廻り線）内回り〉_便3,4,島井原西,11:59:00
〈軽井沢町内循環バス（東・南廻り線）内回り〉,〈軽井沢町内循環バス（東・南廻り線）内回り〉_便4,4,島井原西,13:14:00
〈軽井沢町内循環バス（東・南廻り線）内回り〉,〈軽井沢町内循環バス（東・南廻り線）内回り〉_便5,4,島井原西,14:39:00
〈軽井沢町内循環バス（東・南廻り線）内回り〉,〈軽井沢町内循環バス（東・南廻り線）内回り〉_便6,4,島井原西,18:39:00
〈軽井沢町内循環バス（東・南廻り線）内回り〉,〈軽井沢町内循環バス（東・南廻り線）内回り〉_便1,5,釜の橋,08:26:00
〈軽井沢町内循環バス（東・南廻り線）内回り〉,〈軽井沢町内循環バス（東・南廻り線）内回り〉_便2,5,釜の橋,09:40:00
〈軽井沢町内循環バス（東・南廻り線）内回り〉,〈軽井沢町内循環バス（東・南廻り線）内回り〉_便3,5,釜の橋,12:00:00
〈軽井沢町内循環バス（東・南廻り線）内回り〉,〈軽井沢町内循環バス（東・南廻り線）内回り〉_便4,5,釜の橋,13:15:00
〈軽井沢町内循環バス（東・南廻り線）内回り〉,〈軽井沢町内循環バス（東・南廻り線）内回り〉_便5,5,釜の橋,14:40:00
〈軽井沢町内循環バス（東・南廻り線）内回り〉,〈軽井沢町内循環バス（東・南廻り線）内回り〉_便6,5,釜の橋,18:40:00
〈軽井沢町内循環バス（東・南廻り線）内回り〉,〈軽井沢町内循環バス（東・南廻り線）内回り〉_便1,6,杉瓜入口,08:27:00
〈軽井沢町内循環バス（東・南廻り線）内回り〉,〈軽井沢町内循環バス（東・南廻り線）内回り〉_便2,6,杉瓜入口,09:41:00
〈軽井沢町内循環バス（東・南廻り線）内回り〉,〈軽井沢町内循環バス（東・南廻り線）内回り〉_便3,6,杉瓜入口,12:01:00
〈軽井沢町内循環バス（東・南廻り線）内回り〉,〈軽井沢町内循環バス（東・南廻り線）内回り〉_便4,6,杉瓜入口,13:16:00
〈軽井沢町内循環バス（東・南廻り線）内回り〉,〈軽井沢町内循環バス（東・南廻り線）内回り〉_便5,6,杉瓜入口,14:41:00
〈軽井沢町内循環バス（東・南廻り線）内回り〉,〈軽井沢町内循環バス（東・南廻り線）内回り〉_便6,6,杉瓜入口,18:41:00
〈軽井沢町内循環バス（東・南廻り線）内回り〉,〈軽井沢町内循環バス（東・南廻り線）内回り〉_便1,7,風越団地,08:28:00
〈軽井沢町内循環バス（東・南廻り線）内回り〉,〈軽井沢町内循環バス（東・南廻り線）内回り〉_便2,7,風越団地,09:42:00
〈軽井沢町内循環バス（東・南廻り線）内回り〉,〈軽井沢町内循環バス（東・南廻り線）内回り〉_便3,7,風越団地,12:02:00
〈軽井沢町内循環バス（東・南廻り線）内回り〉,〈軽井沢町内循環バス（東・南廻り線）内回り〉_便4,7,風越団地,13:17:00
〈軽井沢町内循環バス（東・南廻り線）内回り〉,〈軽井沢町内循環バス（東・南廻り線）内回り〉_便5,7,風越団地,14:42:00
〈軽井沢町内循環バス（東・南廻り線）内回り〉,〈軽井沢町内循環バス（東・南廻り線）内回り〉_便6,7,風越団地,18:42:00
〈軽井沢町内循環バス（東・南廻り線）内回り〉,〈軽井沢町内循環バス（東・南廻り線）内回り〉_便1,8,軽井沢発地市庭,08:37:00
〈軽井沢町内循環バス（東・南廻り線）内回り〉,〈軽井沢町内循環バス（東・南廻り線）内回り〉_便2,8,軽井沢発地市庭,09:51:00
〈軽井沢町内循環バス（東・南廻り線）内回り〉,〈軽井沢町内循環バス（東・南廻り線）内回り〉_便3,8,軽井沢発地市庭,12:11:00
〈軽井沢町内循環バス（東・南廻り線）内回り〉,〈軽井沢町内循環バス（東・南廻り線）内回り〉_便4,8,軽井沢発地市庭,13:26:00
〈軽井沢町内循環バス（東・南廻り線）内回り〉,〈軽井沢町内循環バス（東・南廻り線）内回り〉_便5,8,軽井沢発地市庭,14:51:00
〈軽井沢町内循環バス（東・南廻り線）内回り〉,〈軽井沢町内循環バス（東・南廻り線）内回り〉_便6,8,軽井沢発地市庭,18:51:00
〈軽井沢町内循環バス（東・南廻り線）内回り〉,〈軽井沢町内循環バス（東・南廻り線）内回り〉_便1,9,風越公園,08:38:00
〈軽井沢町内循環バス（東・南廻り線）内回り〉,〈軽井沢町内循環バス（東・南廻り線）内回り〉_便2,9,風越公園,09:52:00
〈軽井沢町内循環バス（東・南廻り線）内回り〉,〈軽井沢町内循環バス（東・南廻り線）内回り〉_便3,9,風越公園,12:12:00
〈軽井沢町内循環バス（東・南廻り線）内回り〉,〈軽井沢町内循環バス（東・南廻り線）内回り〉_便4,9,風越公園,13:27:00
〈軽井沢町内循環バス（東・南廻り線）内回り〉,〈軽井沢町内循環バス（東・南廻り線）内回り〉_便5,9,風越公園,14:52:00
〈軽井沢町内循環バス（東・南廻り線）内回り〉,〈軽井沢町内循環バス（東・南廻り線）内回り〉_便6,9,風越公園,18:52:00
〈軽井沢町内循環バス（東・南廻り線）内回り〉,〈軽井沢町内循環バス（東・南廻り線）内回り〉_便1,10,小倉の里,08:38:00
〈軽井沢町内循環バス（東・南廻り線）内回り〉,〈軽井沢町内循環バス（東・南廻り線）内回り〉_便2,10,小倉の里,09:52:00
〈軽井沢町内循環バス（東・南廻り線）内回り〉,〈軽井沢町内循環バス（東・南廻り線）内回り〉_便3,10,小倉の里,12:12:00
〈軽井沢町内循環バス（東・南廻り線）内回り〉,〈軽井沢町内循環バス（東・南廻り線）内回り〉_便4,10,小倉の里,13:27:00
〈軽井沢町内循環バス（東・南廻り線）内回り〉,〈軽井沢町内循環バス（東・南廻り線）内回り〉_便5,10,小倉の里,14:52:00
〈軽井沢町内循環バス（東・南廻り線）内回り〉,〈軽井沢町内循環バス（東・南廻り線）内回り〉_便6,10,小倉の里,18:52:00
〈軽井沢町内循環バス（東・南廻り線）内回り〉,〈軽井沢町内循環バス（東・南廻り線）内回り〉_便1,11,南保育園前,08:39:00
〈軽井沢町内循環バス（東・南廻り線）内回り〉,〈軽井沢町内循環バス（東・南廻り線）内回り〉_便2,11,南保育園前,09:53:00
〈軽井沢町内循環バス（東・南廻り線）内回り〉,〈軽井沢町内循環バス（東・南廻り線）内回り〉_便3,11,南保育園前,12:13:00
〈軽井沢町内循環バス（東・南廻り線）内回り〉,〈軽井沢町内循環バス（東・南廻り線）内回り〉_便4,11,南保育園前,13:28:00
〈軽井沢町内循環バス（東・南廻り線）内回り〉,〈軽井沢町内循環バス（東・南廻り線）内回り〉_便5,11,南保育園前,14:53:00
〈軽井沢町内循環バス（東・南廻り線）内回り〉,〈軽井沢町内循環バス（東・南廻り線）内回り〉_便6,11,南保育園前,18:53:00
〈軽井沢町内循環バス（東・南廻り線）内回り〉,〈軽井沢町内循環バス（東・南廻り線）内回り〉_便1,12,下発地入口,08:40:00
〈軽井沢町内循環バス（東・南廻り線）内回り〉,〈軽井沢町内循環バス（東・南廻り線）内回り〉_便2,12,下発地入口,09:54:00
〈軽井沢町内循環バス（東・南廻り線）内回り〉,〈軽井沢町内循環バス（東・南廻り線）内回り〉_便3,12,下発地入口,12:14:00
〈軽井沢町内循環バス（東・南廻り線）内回り〉,〈軽井沢町内循環バス（東・南廻り線）内回り〉_便4,12,下発地入口,13:29:00
〈軽井沢町内循環バス（東・南廻り線）内回り〉,〈軽井沢町内循環バス（東・南廻り線）内回り〉_便5,12,下発地入口,14:54:00
〈軽井沢町内循環バス（東・南廻り線）内回り〉,〈軽井沢町内循環バス（東・南廻り線）内回り〉_便6,12,下発地入口,18:54:00
〈軽井沢町内循環バス（東・南廻り線）内回り〉,〈軽井沢町内循環バス（東・南廻り線）内回り〉_便1,13,ほっち交流館,08:41:00
〈軽井沢町内循環バス（東・南廻り線）内回り〉,〈軽井沢町内循環バス（東・南廻り線）内回り〉_便2,13,ほっち交流館,09:55:00
〈軽井沢町内循環バス（東・南廻り線）内回り〉,〈軽井沢町内循環バス（東・南廻り線）内回り〉_便3,13,ほっち交流館,12:15:00
〈軽井沢町内循環バス（東・南廻り線）内回り〉,〈軽井沢町内循環バス（東・南廻り線）内回り〉_便4,13,ほっち交流館,13:30:00
〈軽井沢町内循環バス（東・南廻り線）内回り〉,〈軽井沢町内循環バス（東・南廻り線）内回り〉_便5,13,ほっち交流館,14:55:00
〈軽井沢町内循環バス（東・南廻り線）内回り〉,〈軽井沢町内循環バス（東・南廻り線）内回り〉_便6,13,ほっち交流館,18:55:00
〈軽井沢町内循環バス（東・南廻り線）内回り〉,〈軽井沢町内循環バス（東・南廻り線）内回り〉_便1,14,下発地,08:42:00
〈軽井沢町内循環バス（東・南廻り線）内回り〉,〈軽井沢町内循環バス（東・南廻り線）内回り〉_便2,14,下発地,09:56:00
〈軽井沢町内循環バス（東・南廻り線）内回り〉,〈軽井沢町内循環バス（東・南廻り線）内回り〉_便3,14,下発地,12:16:00
〈軽井沢町内循環バス（東・南廻り線）内回り〉,〈軽井沢町内循環バス（東・南廻り線）内回り〉_便4,14,下発地,13:31:00
〈軽井沢町内循環バス（東・南廻り線）内回り〉,〈軽井沢町内循環バス（東・南廻り線）内回り〉_便5,14,下発地,14:56:00
〈軽井沢町内循環バス（東・南廻り線）内回り〉,〈軽井沢町内循環バス（東・南廻り線）内回り〉_便6,14,下発地,18:56:00
〈軽井沢町内循環バス（東・南廻り線）内回り〉,〈軽井沢町内循環バス（東・南廻り線）内回り〉_便1,15,発地橋,08:43:00
〈軽井沢町内循環バス（東・南廻り線）内回り〉,〈軽井沢町内循環バス（東・南廻り線）内回り〉_便2,15,発地橋,09:57:00
〈軽井沢町内循環バス（東・南廻り線）内回り〉,〈軽井沢町内循環バス（東・南廻り線）内回り〉_便3,15,発地橋,12:17:00
〈軽井沢町内循環バス（東・南廻り線）内回り〉,〈軽井沢町内循環バス（東・南廻り線）内回り〉_便4,15,発地橋,13:32:00
〈軽井沢町内循環バス（東・南廻り線）内回り〉,〈軽井沢町内循環バス（東・南廻り線）内回り〉_便5,15,発地橋,14:57:00
〈軽井沢町内循環バス（東・南廻り線）内回り〉,〈軽井沢町内循環バス（東・南廻り線）内回り〉_便6,15,発地橋,18:57:00
〈軽井沢町内循環バス（東・南廻り線）内回り〉,〈軽井沢町内循環バス（東・南廻り線）内回り〉_便1,16,上発地,08:45:00
〈軽井沢町内循環バス（東・南廻り線）内回り〉,〈軽井沢町内循環バス（東・南廻り線）内回り〉_便2,16,上発地,09:59:00
〈軽井沢町内循環バス（東・南廻り線）内回り〉,〈軽井沢町内循環バス（東・南廻り線）内回り〉_便3,16,上発地,12:19:00
〈軽井沢町内循環バス（東・南廻り線）内回り〉,〈軽井沢町内循環バス（東・南廻り線）内回り〉_便4,16,上発地,13:34:00
〈軽井沢町内循環バス（東・南廻り線）内回り〉,〈軽井沢町内循環バス（東・南廻り線）内回り〉_便5,16,上発地,14:59:00
〈軽井沢町内循環バス（東・南廻り線）内回り〉,〈軽井沢町内循環バス（東・南廻り線）内回り〉_便6,16,上発地,18:59:00
〈軽井沢町内循環バス（東・南廻り線）内回り〉,〈軽井沢町内循環バス（東・南廻り線）内回り〉_便1,17,馬取,08:50:00
〈軽井沢町内循環バス（東・南廻り線）内回り〉,〈軽井沢町内循環バス（東・南廻り線）内回り〉_便2,17,馬取,10:04:00
〈軽井沢町内循環バス（東・南廻り線）内回り〉,〈軽井沢町内循環バス（東・南廻り線）内回り〉_便3,17,馬取,12:24:00
〈軽井沢町内循環バス（東・南廻り線）内回り〉,〈軽井沢町内循環バス（東・南廻り線）内回り〉_便4,17,馬取,13:39:00
〈軽井沢町内循環バス（東・南廻り線）内回り〉,〈軽井沢町内循環バス（東・南廻り線）内回り〉_便5,17,馬取,15:04:00
〈軽井沢町内循環バス（東・南廻り線）内回り〉,〈軽井沢町内循環バス（東・南廻り線）内回り〉_便6,17,馬取,19:04:00
〈軽井沢町内循環バス（東・南廻り線）内回り〉,〈軽井沢町内循環バス（東・南廻り線）内回り〉_便1,18,ニュータウン入り口,08:50:00
〈軽井沢町内循環バス（東・南廻り線）内回り〉,〈軽井沢町内循環バス（東・南廻り線）内回り〉_便2,18,ニュータウン入り口,10:04:00
〈軽井沢町内循環バス（東・南廻り線）内回り〉,〈軽井沢町内循環バス（東・南廻り線）内回り〉_便3,18,ニュータウン入り口,12:24:00
〈軽井沢町内循環バス（東・南廻り線）内回り〉,〈軽井沢町内循環バス（東・南廻り線）内回り〉_便4,18,ニュータウン入り口,13:39:00
〈軽井沢町内循環バス（東・南廻り線）内回り〉,〈軽井沢町内循環バス（東・南廻り線）内回り〉_便5,18,ニュータウン入り口,15:04:00
〈軽井沢町内循環バス（東・南廻り線）内回り〉,〈軽井沢町内循環バス（東・南廻り線）内回り〉_便6,18,ニュータウン入り口,19:04:00
〈軽井沢町内循環バス（東・南廻り線）内回り〉,〈軽井沢町内循環バス（東・南廻り線）内回り〉_便1,19,治安のいしずえ前,08:51:00
〈軽井沢町内循環バス（東・南廻り線）内回り〉,〈軽井沢町内循環バス（東・南廻り線）内回り〉_便2,19,治安のいしずえ前,10:05:00
〈軽井沢町内循環バス（東・南廻り線）内回り〉,〈軽井沢町内循環バス（東・南廻り線）内回り〉_便3,19,治安のいしずえ前,12:25:00
〈軽井沢町内循環バス（東・南廻り線）内回り〉,〈軽井沢町内循環バス（東・南廻り線）内回り〉_便4,19,治安のいしずえ前,13:40:00
〈軽井沢町内循環バス（東・南廻り線）内回り〉,〈軽井沢町内循環バス（東・南廻り線）内回り〉_便5,19,治安のいしずえ前,15:05:00
〈軽井沢町内循環バス（東・南廻り線）内回り〉,〈軽井沢町内循環バス（東・南廻り線）内回り〉_便6,19,治安のいしずえ前,19:05:00
〈軽井沢町内循環バス（東・南廻り線）内回り〉,〈軽井沢町内循環バス（東・南廻り線）内回り〉_便1,20,押立山下,08:52:00
〈軽井沢町内循環バス（東・南廻り線）内回り〉,〈軽井沢町内循環バス（東・南廻り線）内回り〉_便2,20,押立山下,10:06:00
〈軽井沢町内循環バス（東・南廻り線）内回り〉,〈軽井沢町内循環バス（東・南廻り線）内回り〉_便3,20,押立山下,12:26:00
〈軽井沢町内循環バス（東・南廻り線）内回り〉,〈軽井沢町内循環バス（東・南廻り線）内回り〉_便4,20,押立山下,13:41:00
〈軽井沢町内循環バス（東・南廻り線）内回り〉,〈軽井沢町内循環バス（東・南廻り線）内回り〉_便5,20,押立山下,15:06:00
〈軽井沢町内循環バス（東・南廻り線）内回り〉,〈軽井沢町内循環バス（東・南廻り線）内回り〉_便6,20,押立山下,19:06:00
〈軽井沢町内循環バス（東・南廻り線）内回り〉,〈軽井沢町内循環バス（東・南廻り線）内回り〉_便1,21,馬越,08:52:00
〈軽井沢町内循環バス（東・南廻り線）内回り〉,〈軽井沢町内循環バス（東・南廻り線）内回り〉_便2,21,馬越,10:06:00
〈軽井沢町内循環バス（東・南廻り線）内回り〉,〈軽井沢町内循環バス（東・南廻り線）内回り〉_便3,21,馬越,12:26:00
〈軽井沢町内循環バス（東・南廻り線）内回り〉,〈軽井沢町内循環バス（東・南廻り線）内回り〉_便4,21,馬越,13:41:00
〈軽井沢町内循環バス（東・南廻り線）内回り〉,〈軽井沢町内循環バス（東・南廻り線）内回り〉_便5,21,馬越,15:06:00
〈軽井沢町内循環バス（東・南廻り線）内回り〉,〈軽井沢町内循環バス（東・南廻り線）内回り〉_便6,21,馬越,19:06:00
〈軽井沢町内循環バス（東・南廻り線）内回り〉,〈軽井沢町内循環バス（東・南廻り線）内回り〉_便1,22,軽井沢72ゴルフ,08:53:00
〈軽井沢町内循環バス（東・南廻り線）内回り〉,〈軽井沢町内循環バス（東・南廻り線）内回り〉_便2,22,軽井沢72ゴルフ,10:07:00
〈軽井沢町内循環バス（東・南廻り線）内回り〉,〈軽井沢町内循環バス（東・南廻り線）内回り〉_便3,22,軽井沢72ゴルフ,12:27:00
〈軽井沢町内循環バス（東・南廻り線）内回り〉,〈軽井沢町内循環バス（東・南廻り線）内回り〉_便4,22,軽井沢72ゴルフ,13:42:00
〈軽井沢町内循環バス（東・南廻り線）内回り〉,〈軽井沢町内循環バス（東・南廻り線）内回り〉_便5,22,軽井沢72ゴルフ,15:07:00
〈軽井沢町内循環バス（東・南廻り線）内回り〉,〈軽井沢町内循環バス（東・南廻り線）内回り〉_便6,22,軽井沢72ゴルフ,19:07:00
〈軽井沢町内循環バス（東・南廻り線）内回り〉,〈軽井沢町内循環バス（東・南廻り線）内回り〉_便1,23,南軽井沢,08:53:00
〈軽井沢町内循環バス（東・南廻り線）内回り〉,〈軽井沢町内循環バス（東・南廻り線）内回り〉_便2,23,南軽井沢,10:07:00
〈軽井沢町内循環バス（東・南廻り線）内回り〉,〈軽井沢町内循環バス（東・南廻り線）内回り〉_便3,23,南軽井沢,12:27:00
〈軽井沢町内循環バス（東・南廻り線）内回り〉,〈軽井沢町内循環バス（東・南廻り線）内回り〉_便4,23,南軽井沢,13:42:00
〈軽井沢町内循環バス（東・南廻り線）内回り〉,〈軽井沢町内循環バス（東・南廻り線）内回り〉_便5,23,南軽井沢,15:07:00
〈軽井沢町内循環バス（東・南廻り線）内回り〉,〈軽井沢町内循環バス（東・南廻り線）内回り〉_便6,23,南軽井沢,19:07:00
〈軽井沢町内循環バス（東・南廻り線）内回り〉,〈軽井沢町内循環バス（東・南廻り線）内回り〉_便1,24,柳橋,08:54:00
〈軽井沢町内循環バス（東・南廻り線）内回り〉,〈軽井沢町内循環バス（東・南廻り線）内回り〉_便2,24,柳橋,10:08:00
〈軽井沢町内循環バス（東・南廻り線）内回り〉,〈軽井沢町内循環バス（東・南廻り線）内回り〉_便3,24,柳橋,12:28:00
〈軽井沢町内循環バス（東・南廻り線）内回り〉,〈軽井沢町内循環バス（東・南廻り線）内回り〉_便4,24,柳橋,13:43:00
〈軽井沢町内循環バス（東・南廻り線）内回り〉,〈軽井沢町内循環バス（東・南廻り線）内回り〉_便5,24,柳橋,15:08:00
〈軽井沢町内循環バス（東・南廻り線）内回り〉,〈軽井沢町内循環バス（東・南廻り線）内回り〉_便6,24,柳橋,19:08:00
〈軽井沢町内循環バス（東・南廻り線）内回り〉,〈軽井沢町内循環バス（東・南廻り線）内回り〉_便1,25,南軽井沢交差点,08:55:00
〈軽井沢町内循環バス（東・南廻り線）内回り〉,〈軽井沢町内循環バス（東・南廻り線）内回り〉_便2,25,南軽井沢交差点,10:09:00
〈軽井沢町内循環バス（東・南廻り線）内回り〉,〈軽井沢町内循環バス（東・南廻り線）内回り〉_便3,25,南軽井沢交差点,12:29:00
〈軽井沢町内循環バス（東・南廻り線）内回り〉,〈軽井沢町内循環バス（東・南廻り線）内回り〉_便4,25,南軽井沢交差点,13:44:00
〈軽井沢町内循環バス（東・南廻り線）内回り〉,〈軽井沢町内循環バス（東・南廻り線）内回り〉_便5,25,南軽井沢交差点,15:09:00
〈軽井沢町内循環バス（東・南廻り線）内回り〉,〈軽井沢町内循環バス（東・南廻り線）内回り〉_便6,25,南軽井沢交差点,19:09:00
〈軽井沢町内循環バス（東・南廻り線）内回り〉,〈軽井沢町内循環バス（東・南廻り線）内回り〉_便1,26,成沢,08:55:00
〈軽井沢町内循環バス（東・南廻り線）内回り〉,〈軽井沢町内循環バス（東・南廻り線）内回り〉_便2,26,成沢,10:09:00
〈軽井沢町内循環バス（東・南廻り線）内回り〉,〈軽井沢町内循環バス（東・南廻り線）内回り〉_便3,26,成沢,12:29:00
〈軽井沢町内循環バス（東・南廻り線）内回り〉,〈軽井沢町内循環バス（東・南廻り線）内回り〉_便4,26,成沢,13:44:00
〈軽井沢町内循環バス（東・南廻り線）内回り〉,〈軽井沢町内循環バス（東・南廻り線）内回り〉_便5,26,成沢,15:09:00
〈軽井沢町内循環バス（東・南廻り線）内回り〉,〈軽井沢町内循環バス（東・南廻り線）内回り〉_便6,26,成沢,19:09:00
〈軽井沢町内循環バス（東・南廻り線）内回り〉,〈軽井沢町内循環バス（東・南廻り線）内回り〉_便1,27,入山峠入り口,08:57:00
〈軽井沢町内循環バス（東・南廻り線）内回り〉,〈軽井沢町内循環バス（東・南廻り線）内回り〉_便2,27,入山峠入り口,10:11:00
〈軽井沢町内循環バス（東・南廻り線）内回り〉,〈軽井沢町内循環バス（東・南廻り線）内回り〉_便3,27,入山峠入り口,12:31:00
〈軽井沢町内循環バス（東・南廻り線）内回り〉,〈軽井沢町内循環バス（東・南廻り線）内回り〉_便4,27,入山峠入り口,13:46:00
〈軽井沢町内循環バス（東・南廻り線）内回り〉,〈軽井沢町内循環バス（東・南廻り線）内回り〉_便5,27,入山峠入り口,15:11:00
〈軽井沢町内循環バス（東・南廻り線）内回り〉,〈軽井沢町内循環バス（東・南廻り線）内回り〉_便6,27,入山峠入り口,19:11:00
〈軽井沢町内循環バス（東・南廻り線）内回り〉,〈軽井沢町内循環バス（東・南廻り線）内回り〉_便1,28,新軽井沢,09:01:00
〈軽井沢町内循環バス（東・南廻り線）内回り〉,〈軽井沢町内循環バス（東・南廻り線）内回り〉_便2,28,新軽井沢,10:15:00
〈軽井沢町内循環バス（東・南廻り線）内回り〉,〈軽井沢町内循環バス（東・南廻り線）内回り〉_便3,28,新軽井沢,12:35:00
〈軽井沢町内循環バス（東・南廻り線）内回り〉,〈軽井沢町内循環バス（東・南廻り線）内回り〉_便4,28,新軽井沢,13:50:00
〈軽井沢町内循環バス（東・南廻り線）内回り〉,〈軽井沢町内循環バス（東・南廻り線）内回り〉_便5,28,新軽井沢,15:15:00
〈軽井沢町内循環バス（東・南廻り線）内回り〉,〈軽井沢町内循環バス（東・南廻り線）内回り〉_便6,28,新軽井沢,19:15:00
〈西部観光バス（万座方面）〉,〈西部観光バス（万座方面）〉_便2,1,中軽井沢駅,09:19:00
〈西部観光バス（万座方面）〉,〈西部観光バス（万座方面）〉_便3,1,中軽井沢駅,09:44:00
〈西部観光バス（万座方面）〉,〈西部観光バス（万座方面）〉_便4,1,中軽井沢駅,10:09:00
〈西部観光バス（万座方面）〉,〈西部観光バス（万座方面）〉_便5,1,中軽井沢駅,10:54:00
〈西部観光バス（万座方面）〉,〈西部観光バス（万座方面）〉_便6,1,中軽井沢駅,11:34:00
〈西部観光バス（万座方面）〉,〈西部観光バス（万座方面）〉_便7,1,中軽井沢駅,12:04:00
〈西部観光バス（万座方面）〉,〈西部観光バス（万座方面）〉_便8,1,中軽井沢駅,12:54:00
〈西部観光バス（万座方面）〉,〈西部観光バス（万座方面）〉_便9,1,中軽井沢駅,13:09:00
〈西部観光バス（万座方面）〉,〈西部観光バス（万座方面）〉_便10,1,中軽井沢駅,13:49:00
〈西部観光バス（万座方面）〉,〈西部観光バス（万座方面）〉_便11,1,中軽井沢駅,14:14:00
〈西部観光バス（万座方面）〉,〈西部観光バス（万座方面）〉_便12,1,中軽井沢駅,14:54:00
〈西部観光バス（万座方面）〉,〈西部観光バス（万座方面）〉_便13,1,中軽井沢駅,15:34:00
〈西部観光バス（万座方面）〉,〈西部観光バス（万座方面）〉_便14,1,中軽井沢駅,16:14:00
〈西部観光バス（万座方面）〉,〈西部観光バス（万座方面）〉_便15,1,中軽井沢駅,16:54:00
〈西部観光バス（万座方面）〉,〈西部観光バス（万座方面）〉_便16,1,中軽井沢駅,17:19:00
〈西部観光バス（万座方面）〉,〈西部観光バス（万座方面）〉_便17,1,中軽井沢駅,17:54:00
〈西部観光バス（万座方面）〉,〈西部観光バス（万座方面）〉_便18,1,中軽井沢駅,18:19:00
〈西部観光バス（万座方面）〉,〈西部観光バス（万座方面）〉_便19,1,中軽井沢駅,18:44:00
〈西部観光バス（万座方面）〉,〈西部観光バス（万座方面）〉_便2,2,湯川,09:21:00
〈西部観光バス（万座方面）〉,〈西部観光バス（万座方面）〉_便3,2,湯川,09:46:00
〈西部観光バス（万座方面）〉,〈西部観光バス（万座方面）〉_便4,2,湯川,10:11:00
〈西部観光バス（万座方面）〉,〈西部観光バス（万座方面）〉_便5,2,湯川,10:56:00
〈西部観光バス（万座方面）〉,〈西部観光バス（万座方面）〉_便6,2,湯川,11:36:00
〈西部観光バス（万座方面）〉,〈西部観光バス（万座方面）〉_便7,2,湯川,12:06:00
〈西部観光バス（万座方面）〉,〈西部観光バス（万座方面）〉_便8,2,湯川,12:56:00
〈西部観光バス（万座方面）〉,〈西部観光バス（万座方面）〉_便9,2,湯川,13:11:00
〈西部観光バス（万座方面）〉,〈西部観光バス（万座方面）〉_便10,2,湯川,13:51:00
〈西部観光バス（万座方面）〉,〈西部観光バス（万座方面）〉_便11,2,湯川,14:16:00
〈西部観光バス（万座方面）〉,〈西部観光バス（万座方面）〉_便12,2,湯川,14:56:00
〈西部観光バス（万座方面）〉,〈西部観光バス（万座方面）〉_便13,2,湯川,15:36:00
〈西部観光バス（万座方面）〉,〈西部観光バス（万座方面）〉_便14,2,湯川,16:16:00
〈西部観光バス（万座方面）〉,〈西部観光バス（万座方面）〉_便15,2,湯川,16:56:00
〈西部観光バス（万座方面）〉,〈西部観光バス（万座方面）〉_便16,2,湯川,17:21:00
〈西部観光バス（万座方面）〉,〈西部観光バス（万座方面）〉_便17,2,湯川,17:56:00
〈西部観光バス（万座方面）〉,〈西部観光バス（万座方面）〉_便18,2,湯川,18:21:00
〈西部観光バス（万座方面）〉,〈西部観光バス（万座方面）〉_便19,2,湯川,18:46:00
〈西部観光バス（万座方面）〉,〈西部観光バス（万座方面）〉_便2,3,星野温泉トンボの湯,09:24:00
〈西部観光バス（万座方面）〉,〈西部観光バス（万座方面）〉_便3,3,星野温泉トンボの湯,09:49:00
〈西部観光バス（万座方面）〉,〈西部観光バス（万座方面）〉_便4,3,星野温泉トンボの湯,10:14:00
〈西部観光バス（万座方面）〉,〈西部観光バス（万座方面）〉_便5,3,星野温泉トンボの湯,10:59:00
〈西部観光バス（万座方面）〉,〈西部観光バス（万座方面）〉_便6,3,星野温泉トンボの湯,11:39:00
〈西部観光バス（万座方面）〉,〈西部観光バス（万座方面）〉_便7,3,星野温泉トンボの湯,12:09:00
〈西部観光バス（万座方面）〉,〈西部観光バス（万座方面）〉_便8,3,星野温泉トンボの湯,12:59:00
〈西部観光バス（万座方面）〉,〈西部観光バス（万座方面）〉_便9,3,星野温泉トンボの湯,13:14:00
〈西部観光バス（万座方面）〉,〈西部観光バス（万座方面）〉_便10,3,星野温泉トンボの湯,13:54:00
〈西部観光バス（万座方面）〉,〈西部観光バス（万座方面）〉_便11,3,星野温泉トンボの湯,14:19:00
〈西部観光バス（万座方面）〉,〈西部観光バス（万座方面）〉_便12,3,星野温泉トンボの湯,14:59:00
〈西部観光バス（万座方面）〉,〈西部観光バス（万座方面）〉_便13,3,星野温泉トンボの湯,15:39:00
〈西部観光バス（万座方面）〉,〈西部観光バス（万座方面）〉_便14,3,星野温泉トンボの湯,16:19:00
〈西部観光バス（万座方面）〉,〈西部観光バス（万座方面）〉_便15,3,星野温泉トンボの湯,16:59:00
〈西部観光バス（万座方面）〉,〈西部観光バス（万座方面）〉_便16,3,星野温泉トンボの湯,17:24:00
〈西部観光バス（万座方面）〉,〈西部観光バス（万座方面）〉_便17,3,星野温泉トンボの湯,17:59:00
〈西部観光バス（万座方面）〉,〈西部観光バス（万座方面）〉_便18,3,星野温泉トンボの湯,18:24:00
〈西部観光バス（万座方面）〉,〈西部観光バス（万座方面）〉_便19,3,星野温泉トンボの湯,18:49:00
〈西部観光バス（万座方面）〉,〈西部観光バス（万座方面）〉_便4,4,軽井沢千ヶ滝温泉,10:15:00
〈西部観光バス（万座方面）〉,〈西部観光バス（万座方面）〉_便7,4,軽井沢千ヶ滝温泉,12:10:00
〈西部観光バス（万座方面）〉,〈西部観光バス（万座方面）〉_便9,4,軽井沢千ヶ滝温泉,13:15:00
〈西部観光バス（万座方面）〉,〈西部観光バス（万座方面）〉_便11,4,軽井沢千ヶ滝温泉,14:20:00
〈西部観光バス（万座方面）〉,〈西部観光バス（万座方面）〉_便13,4,軽井沢千ヶ滝温泉,15:40:00
〈西部観光バス（万座方面）〉,〈西部観光バス（万座方面）〉_便19,4,軽井沢千ヶ滝温泉,18:50:00
〈西部観光バス（万座方面）〉,〈西部観光バス（万座方面）〉_便4,6,西部軽井沢営業所,10:17:00
〈西部観光バス（万座方面）〉,〈西部観光バス（万座方面）〉_便7,6,西部軽井沢営業所,12:12:00
〈西部観光バス（万座方面）〉,〈西部観光バス（万座方面）〉_便9,6,西部軽井沢営業所,13:17:00
〈西部観光バス（万座方面）〉,〈西部観光バス（万座方面）〉_便11,6,西部軽井沢営業所,14:22:00
〈西部観光バス（万座方面）〉,〈西部観光バス（万座方面）〉_便13,6,西部軽井沢営業所,15:42:00
〈西部観光バス（万座方面）〉,〈西部観光バス（万座方面）〉_便19,6,西部軽井沢営業所,18:52:00
〈西部観光バス（万座方面）〉,〈西部観光バス（万座方面）〉_便4,7,峰野茶屋,10:29:00
〈西部観光バス（万座方面）〉,〈西部観光バス（万座方面）〉_便7,7,峰野茶屋,12:24:00
〈西部観光バス（万座方面）〉,〈西部観光バス（万座方面）〉_便9,7,峰野茶屋,13:29:00
〈西部観光バス（万座方面）〉,〈西部観光バス（万座方面）〉_便11,7,峰野茶屋,14:34:00
〈西部観光バス（万座方面）〉,〈西部観光バス（万座方面）〉_便13,7,峰野茶屋,15:54:00
〈西部観光バス（万座方面）〉,〈西部観光バス（万座方面）〉_便4,8,峰の茶屋,10:34:00
〈西部観光バス（万座方面）〉,〈西部観光バス（万座方面）〉_便7,8,峰の茶屋,12:29:00
〈西部観光バス（万座方面）〉,〈西部観光バス（万座方面）〉_便9,8,峰の茶屋,13:34:00
〈西部観光バス（万座方面）〉,〈西部観光バス（万座方面）〉_便11,8,峰の茶屋,14:39:00
〈西部観光バス（万座方面）〉,〈西部観光バス（万座方面）〉_便13,8,峰の茶屋,15:59:00
〈西部観光バス（万座方面）〉,〈西部観光バス（万座方面）〉_便4,9,浅間山キャンプ場,10:39:00
〈西部観光バス（万座方面）〉,〈西部観光バス（万座方面）〉_便7,9,浅間山キャンプ場,12:35:00
〈西部観光バス（万座方面）〉,〈西部観光バス（万座方面）〉_便9,9,浅間山キャンプ場,13:39:00
〈西部観光バス（万座方面）〉,〈西部観光バス（万座方面）〉_便11,9,浅間山キャンプ場,14:45:00
〈西部観光バス（万座方面）〉,〈西部観光バス（万座方面）〉_便13,9,浅間山キャンプ場,16:04:00
〈西部観光バス（万座方面）〉,〈西部観光バス（万座方面）〉_便7,10,鬼押出し園,12:38:00
〈西部観光バス（万座方面）〉,〈西部観光バス（万座方面）〉_便11,10,鬼押出し園,14:48:00
〈西部観光バス（万座方面）〉,〈西部観光バス（万座方面）〉_便7,11,すずらん坂,12:41:00
〈西部観光バス（万座方面）〉,〈西部観光バス（万座方面）〉_便11,11,すずらん坂,14:51:00
〈西部観光バス（万座方面）〉,〈西部観光バス（万座方面）〉_便7,12,プリンスランド,12:46:00
〈西部観光バス（万座方面）〉,〈西部観光バス（万座方面）〉_便11,12,プリンスランド,14:56:00
〈西部観光バス（万座方面）〉,〈西部観光バス（万座方面）〉_便7,13,鎌原観音堂前,12:58:00
〈西部観光バス（万座方面）〉,〈西部観光バス（万座方面）〉_便11,13,鎌原観音堂前,15:08:00
〈西部観光バス（万座方面）〉,〈西部観光バス（万座方面）〉_便7,14,万座・鹿沢口駅,13:09:00
〈西部観光バス（万座方面）〉,〈西部観光バス（万座方面）〉_便11,14,万座・鹿沢口駅,15:19:00
〈西部観光バス（万座方面）〉,〈西部観光バス（万座方面）〉_便7,15,嬬恋プリンスホテル前,13:19:00
〈西部観光バス（万座方面）〉,〈西部観光バス（万座方面）〉_便11,15,嬬恋プリンスホテル前,15:29:00
〈西部観光バス（万座方面）〉,〈西部観光バス（万座方面）〉_便7,16,嬬恋牧場 愛妻の鐘,13:37:00
〈西部観光バス（万座方面）〉,〈西部観光バス（万座方面）〉_便11,16,嬬恋牧場 愛妻の鐘,15:47:00
〈西部観光バス(軽井沢行き）〉,〈西部観光バス(軽井沢行き）〉_便1,1,中軽井沢駅,08:27:00
〈西部観光バス(軽井沢行き）〉,〈西部観光バス(軽井沢行き）〉_便2,1,中軽井沢駅,08:52:00
〈西部観光バス(軽井沢行き）〉,〈西部観光バス(軽井沢行き）〉_便3,1,中軽井沢駅,09:12:00
〈西部観光バス(軽井沢行き）〉,〈西部観光バス(軽井沢行き）〉_便4,1,中軽井沢駅,09:52:00
〈西部観光バス(軽井沢行き）〉,〈西部観光バス(軽井沢行き）〉_便5,1,中軽井沢駅,10:02:00
〈西部観光バス(軽井沢行き）〉,〈西部観光バス(軽井沢行き）〉_便6,1,中軽井沢駅,10:42:00
〈西部観光バス(軽井沢行き）〉,〈西部観光バス(軽井沢行き）〉_便7,1,中軽井沢駅,11:22:00
〈西部観光バス(軽井沢行き）〉,〈西部観光バス(軽井沢行き）〉_便8,1,中軽井沢駅,11:37:00
〈西部観光バス(軽井沢行き）〉,〈西部観光バス(軽井沢行き）〉_便9,1,中軽井沢駅,12:27:00
〈西部観光バス(軽井沢行き）〉,〈西部観光バス(軽井沢行き）〉_便10,1,中軽井沢駅,12:57:00
〈西部観光バス(軽井沢行き）〉,〈西部観光バス(軽井沢行き）〉_便11,1,中軽井沢駅,13:47:00
〈西部観光バス(軽井沢行き）〉,〈西部観光バス(軽井沢行き）〉_便12,1,中軽井沢駅,14:27:00
〈西部観光バス(軽井沢行き）〉,〈西部観光バス(軽井沢行き）〉_便13,1,中軽井沢駅,15:02:00
〈西部観光バス(軽井沢行き）〉,〈西部観光バス(軽井沢行き）〉_便14,1,中軽井沢駅,15:47:00
〈西部観光バス(軽井沢行き）〉,〈西部観光バス(軽井沢行き）〉_便15,1,中軽井沢駅,16:17:00
〈西部観光バス(軽井沢行き）〉,〈西部観光バス(軽井沢行き）〉_便16,1,中軽井沢駅,16:57:00
〈西部観光バス(軽井沢行き）〉,〈西部観光バス(軽井沢行き）〉_便17,1,中軽井沢駅,17:22:00
〈西部観光バス(軽井沢行き）〉,〈西部観光バス(軽井沢行き）〉_便18,1,中軽井沢駅, 17:47
〈西部観光バス(軽井沢行き）〉,〈西部観光バス(軽井沢行き）〉_便19,1,中軽井沢駅,18:17:00
〈西部観光バス(軽井沢行き）〉,〈西部観光バス(軽井沢行き）〉_便20,1,中軽井沢駅,18:32:00
〈西部観光バス(軽井沢行き）〉,〈西部観光バス(軽井沢行き）〉_便21,1,中軽井沢駅,18:57:00
〈西部観光バス(軽井沢行き）〉,〈西部観光バス(軽井沢行き）〉_便1,2,六本辻・雲場池,08:33:00
〈西部観光バス(軽井沢行き）〉,〈西部観光バス(軽井沢行き）〉_便2,2,六本辻・雲場池,08:58:00
〈西部観光バス(軽井沢行き）〉,〈西部観光バス(軽井沢行き）〉_便3,2,六本辻・雲場池,09:18:00
〈西部観光バス(軽井沢行き）〉,〈西部観光バス(軽井沢行き）〉_便4,2,六本辻・雲場池,09:58:00
〈西部観光バス(軽井沢行き）〉,〈西部観光バス(軽井沢行き）〉_便5,2,六本辻・雲場池,10:08:00
〈西部観光バス(軽井沢行き）〉,〈西部観光バス(軽井沢行き）〉_便6,2,六本辻・雲場池,10:48:00
〈西部観光バス(軽井沢行き）〉,〈西部観光バス(軽井沢行き）〉_便7,2,六本辻・雲場池,11:28:00
〈西部観光バス(軽井沢行き）〉,〈西部観光バス(軽井沢行き）〉_便8,2,六本辻・雲場池,11:43:00
〈西部観光バス(軽井沢行き）〉,〈西部観光バス(軽井沢行き）〉_便9,2,六本辻・雲場池,12:33:00
〈西部観光バス(軽井沢行き）〉,〈西部観光バス(軽井沢行き）〉_便10,2,六本辻・雲場池,13:03:00
〈西部観光バス(軽井沢行き）〉,〈西部観光バス(軽井沢行き）〉_便11,2,六本辻・雲場池,13:53:00
〈西部観光バス(軽井沢行き）〉,〈西部観光バス(軽井沢行き）〉_便12,2,六本辻・雲場池,14:33:00
〈西部観光バス(軽井沢行き）〉,〈西部観光バス(軽井沢行き）〉_便13,2,六本辻・雲場池,15:08:00
〈西部観光バス(軽井沢行き）〉,〈西部観光バス(軽井沢行き）〉_便14,2,六本辻・雲場池,15:53:00
〈西部観光バス(軽井沢行き）〉,〈西部観光バス(軽井沢行き）〉_便15,2,六本辻・雲場池,16:23:00
〈西部観光バス(軽井沢行き）〉,〈西部観光バス(軽井沢行き）〉_便16,2,六本辻・雲場池,17:03:00
〈西部観光バス(軽井沢行き）〉,〈西部観光バス(軽井沢行き）〉_便17,2,六本辻・雲場池,17:28:00
〈西部観光バス(軽井沢行き）〉,〈西部観光バス(軽井沢行き）〉_便18,2,六本辻・雲場池, 17:53
〈西部観光バス(軽井沢行き）〉,〈西部観光バス(軽井沢行き）〉_便19,2,六本辻・雲場池,18:23:00
〈西部観光バス(軽井沢行き）〉,〈西部観光バス(軽井沢行き）〉_便20,2,六本辻・雲場池,18:38:00
〈西部観光バス(軽井沢行き）〉,〈西部観光バス(軽井沢行き）〉_便21,2,六本辻・雲場池,19:03:00
〈西部観光バス(軽井沢行き）〉,〈西部観光バス(軽井沢行き）〉_便1,3,旧軽井沢,08:35:00
〈西部観光バス(軽井沢行き）〉,〈西部観光バス(軽井沢行き）〉_便2,3,旧軽井沢,09:00:00
〈西部観光バス(軽井沢行き）〉,〈西部観光バス(軽井沢行き）〉_便3,3,旧軽井沢,09:20:00
〈西部観光バス(軽井沢行き）〉,〈西部観光バス(軽井沢行き）〉_便4,3,旧軽井沢,10:00:00
〈西部観光バス(軽井沢行き）〉,〈西部観光バス(軽井沢行き）〉_便5,3,旧軽井沢,10:10:00
〈西部観光バス(軽井沢行き）〉,〈西部観光バス(軽井沢行き）〉_便6,3,旧軽井沢,10:50:00
〈西部観光バス(軽井沢行き）〉,〈西部観光バス(軽井沢行き）〉_便7,3,旧軽井沢,11:30:00
〈西部観光バス(軽井沢行き）〉,〈西部観光バス(軽井沢行き）〉_便8,3,旧軽井沢,11:45:00
〈西部観光バス(軽井沢行き）〉,〈西部観光バス(軽井沢行き）〉_便9,3,旧軽井沢,12:35:00
〈西部観光バス(軽井沢行き）〉,〈西部観光バス(軽井沢行き）〉_便10,3,旧軽井沢,13:05:00
〈西部観光バス(軽井沢行き）〉,〈西部観光バス(軽井沢行き）〉_便11,3,旧軽井沢,13:55:00
〈西部観光バス(軽井沢行き）〉,〈西部観光バス(軽井沢行き）〉_便12,3,旧軽井沢,14:35:00
〈西部観光バス(軽井沢行き）〉,〈西部観光バス(軽井沢行き）〉_便13,3,旧軽井沢,15:10:00
〈西部観光バス(軽井沢行き）〉,〈西部観光バス(軽井沢行き）〉_便14,3,旧軽井沢,15:55:00
〈西部観光バス(軽井沢行き）〉,〈西部観光バス(軽井沢行き）〉_便15,3,旧軽井沢,16:25:00
〈西部観光バス(軽井沢行き）〉,〈西部観光バス(軽井沢行き）〉_便16,3,旧軽井沢,17:05:00
〈西部観光バス(軽井沢行き）〉,〈西部観光バス(軽井沢行き）〉_便17,3,旧軽井沢,17:30:00
〈西部観光バス(軽井沢行き）〉,〈西部観光バス(軽井沢行き）〉_便18,3,旧軽井沢, 17:55
〈西部観光バス(軽井沢行き）〉,〈西部観光バス(軽井沢行き）〉_便19,3,旧軽井沢,18:25:00
〈西部観光バス(軽井沢行き）〉,〈西部観光バス(軽井沢行き）〉_便20,3,旧軽井沢,18:40:00
〈西部観光バス(軽井沢行き）〉,〈西部観光バス(軽井沢行き）〉_便21,3,旧軽井沢,19:05:00
〈西部観光バス(軽井沢行き）〉,〈西部観光バス(軽井沢行き）〉_便1,4,軽井沢駅,08:40:00
〈西部観光バス(軽井沢行き）〉,〈西部観光バス(軽井沢行き）〉_便2,4,軽井沢駅,09:05:00
〈西部観光バス(軽井沢行き）〉,〈西部観光バス(軽井沢行き）〉_便3,4,軽井沢駅,09:25:00
〈西部観光バス(軽井沢行き）〉,〈西部観光バス(軽井沢行き）〉_便4,4,軽井沢駅,10:00:00
〈西部観光バス(軽井沢行き）〉,〈西部観光バス(軽井沢行き）〉_便5,4,軽井沢駅,10:15:00
〈西部観光バス(軽井沢行き）〉,〈西部観光バス(軽井沢行き）〉_便6,4,軽井沢駅,10:55:00
〈西部観光バス(軽井沢行き）〉,〈西部観光バス(軽井沢行き）〉_便7,4,軽井沢駅,11:35:00
〈西部観光バス(軽井沢行き）〉,〈西部観光バス(軽井沢行き）〉_便8,4,軽井沢駅,11:50:00
〈西部観光バス(軽井沢行き）〉,〈西部観光バス(軽井沢行き）〉_便9,4,軽井沢駅,12:40:00
〈西部観光バス(軽井沢行き）〉,〈西部観光バス(軽井沢行き）〉_便10,4,軽井沢駅,13:10:00
〈西部観光バス(軽井沢行き）〉,〈西部観光バス(軽井沢行き）〉_便11,4,軽井沢駅,14:00:00
〈西部観光バス(軽井沢行き）〉,〈西部観光バス(軽井沢行き）〉_便12,4,軽井沢駅,14:40:00
〈西部観光バス(軽井沢行き）〉,〈西部観光バス(軽井沢行き）〉_便13,4,軽井沢駅,15:15:00
〈西部観光バス(軽井沢行き）〉,〈西部観光バス(軽井沢行き）〉_便14,4,軽井沢駅,16:00:00
〈西部観光バス(軽井沢行き）〉,〈西部観光バス(軽井沢行き）〉_便15,4,軽井沢駅,16:30:00
〈西部観光バス(軽井沢行き）〉,〈西部観光バス(軽井沢行き）〉_便16,4,軽井沢駅,17:10:00
〈西部観光バス(軽井沢行き）〉,〈西部観光バス(軽井沢行き）〉_便17,4,軽井沢駅,17:35:00
〈西部観光バス(軽井沢行き）〉,〈西部観光バス(軽井沢行き）〉_便18,4,軽井沢駅, 18:00
〈西部観光バス(軽井沢行き）〉,〈西部観光バス(軽井沢行き）〉_便19,4,軽井沢駅,18:30:00
〈西部観光バス(軽井沢行き）〉,〈西部観光バス(軽井沢行き）〉_便20,4,軽井沢駅,18:45:00
〈西部観光バス(軽井沢行き）〉,〈西部観光バス(軽井沢行き）〉_便21,4,軽井沢駅,19:10:00
〈軽井沢町内循環バス（北コース）外回り〉,〈軽井沢町内循環バス（北コース）外回り〉_便1,1,中軽井沢駅,07:33:00
〈軽井沢町内循環バス（北コース）外回り〉,〈軽井沢町内循環バス（北コース）外回り〉_便2,1,中軽井沢駅,08:59:00
〈軽井沢町内循環バス（北コース）外回り〉,〈軽井沢町内循環バス（北コース）外回り〉_便3,1,中軽井沢駅,10:09:00
〈軽井沢町内循環バス（北コース）外回り〉,〈軽井沢町内循環バス（北コース）外回り〉_便4,1,中軽井沢駅,12:48:00
〈軽井沢町内循環バス（北コース）外回り〉,〈軽井沢町内循環バス（北コース）外回り〉_便5,1,中軽井沢駅,14:14:00
〈軽井沢町内循環バス（北コース）外回り〉,〈軽井沢町内循環バス（北コース）外回り〉_便1,2,軽井沢病院着,07:38:00
〈軽井沢町内循環バス（北コース）外回り〉,〈軽井沢町内循環バス（北コース）外回り〉_便2,2,軽井沢病院着,09:04:00
〈軽井沢町内循環バス（北コース）外回り〉,〈軽井沢町内循環バス（北コース）外回り〉_便3,2,軽井沢病院着,10:14:00
〈軽井沢町内循環バス（北コース）外回り〉,〈軽井沢町内循環バス（北コース）外回り〉_便4,2,軽井沢病院着,12:53:00
〈軽井沢町内循環バス（北コース）外回り〉,〈軽井沢町内循環バス（北コース）外回り〉_便5,2,軽井沢病院着,14:19:00
〈軽井沢町内循環バス（北コース）外回り〉,〈軽井沢町内循環バス（北コース）外回り〉_便1,3,中軽井沢駅,07:42:00
〈軽井沢町内循環バス（北コース）外回り〉,〈軽井沢町内循環バス（北コース）外回り〉_便2,3,中軽井沢駅,09:08:00
〈軽井沢町内循環バス（北コース）外回り〉,〈軽井沢町内循環バス（北コース）外回り〉_便3,3,中軽井沢駅,10:18:00
〈軽井沢町内循環バス（北コース）外回り〉,〈軽井沢町内循環バス（北コース）外回り〉_便4,3,中軽井沢駅,12:57:00
〈軽井沢町内循環バス（北コース）外回り〉,〈軽井沢町内循環バス（北コース）外回り〉_便5,3,中軽井沢駅,14:23:00
〈軽井沢町内循環バス（北コース）外回り〉,〈軽井沢町内循環バス（北コース）外回り〉_便1,4,JA軽井沢支部所前,07:44:00
〈軽井沢町内循環バス（北コース）外回り〉,〈軽井沢町内循環バス（北コース）外回り〉_便2,4,JA軽井沢支部所前,09:10:00
〈軽井沢町内循環バス（北コース）外回り〉,〈軽井沢町内循環バス（北コース）外回り〉_便3,4,JA軽井沢支部所前,10:20:00
〈軽井沢町内循環バス（北コース）外回り〉,〈軽井沢町内循環バス（北コース）外回り〉_便4,4,JA軽井沢支部所前,12:59:00
〈軽井沢町内循環バス（北コース）外回り〉,〈軽井沢町内循環バス（北コース）外回り〉_便5,4,JA軽井沢支部所前,14:25:00
〈軽井沢町内循環バス（北コース）外回り〉,〈軽井沢町内循環バス（北コース）外回り〉_便1,5,島井原団地前（ツルヤ前）,07:45:00
〈軽井沢町内循環バス（北コース）外回り〉,〈軽井沢町内循環バス（北コース）外回り〉_便2,5,島井原団地前（ツルヤ前）,09:11:00
〈軽井沢町内循環バス（北コース）外回り〉,〈軽井沢町内循環バス（北コース）外回り〉_便3,5,島井原団地前（ツルヤ前）,10:21:00
〈軽井沢町内循環バス（北コース）外回り〉,〈軽井沢町内循環バス（北コース）外回り〉_便4,5,島井原団地前（ツルヤ前）,13:00:00
〈軽井沢町内循環バス（北コース）外回り〉,〈軽井沢町内循環バス（北コース）外回り〉_便5,5,島井原団地前（ツルヤ前）,14:26:00
〈軽井沢町内循環バス（北コース）外回り〉,〈軽井沢町内循環バス（北コース）外回り〉_便1,6,借宿,07:50:00
〈軽井沢町内循環バス（北コース）外回り〉,〈軽井沢町内循環バス（北コース）外回り〉_便2,6,借宿,09:16:00
〈軽井沢町内循環バス（北コース）外回り〉,〈軽井沢町内循環バス（北コース）外回り〉_便3,6,借宿,10:26:00
〈軽井沢町内循環バス（北コース）外回り〉,〈軽井沢町内循環バス（北コース）外回り〉_便4,6,借宿,13:05:00
〈軽井沢町内循環バス（北コース）外回り〉,〈軽井沢町内循環バス（北コース）外回り〉_便5,6,借宿,14:31:00
〈軽井沢町内循環バス（北コース）外回り〉,〈軽井沢町内循環バス（北コース）外回り〉_便1,7,借宿駅通り中央,07:52:00
〈軽井沢町内循環バス（北コース）外回り〉,〈軽井沢町内循環バス（北コース）外回り〉_便2,7,借宿駅通り中央,09:18:00
〈軽井沢町内循環バス（北コース）外回り〉,〈軽井沢町内循環バス（北コース）外回り〉_便3,7,借宿駅通り中央,10:28:00
〈軽井沢町内循環バス（北コース）外回り〉,〈軽井沢町内循環バス（北コース）外回り〉_便4,7,借宿駅通り中央,13:07:00
〈軽井沢町内循環バス（北コース）外回り〉,〈軽井沢町内循環バス（北コース）外回り〉_便5,7,借宿駅通り中央,14:33:00
〈軽井沢町内循環バス（北コース）外回り〉,〈軽井沢町内循環バス（北コース）外回り〉_便1,8,信濃追分駅,07:54:00
〈軽井沢町内循環バス（北コース）外回り〉,〈軽井沢町内循環バス（北コース）外回り〉_便2,8,信濃追分駅,09:20:00
〈軽井沢町内循環バス（北コース）外回り〉,〈軽井沢町内循環バス（北コース）外回り〉_便3,8,信濃追分駅,10:30:00
〈軽井沢町内循環バス（北コース）外回り〉,〈軽井沢町内循環バス（北コース）外回り〉_便4,8,信濃追分駅,13:09:00
〈軽井沢町内循環バス（北コース）外回り〉,〈軽井沢町内循環バス（北コース）外回り〉_便5,8,信濃追分駅,14:35:00
〈軽井沢町内循環バス（北コース）内回り〉,〈軽井沢町内循環バス（北コース）内回り〉_便1,1,中軽井沢駅,11:03:00
〈軽井沢町内循環バス（北コース）内回り〉,〈軽井沢町内循環バス（北コース）内回り〉_便2,1,中軽井沢駅,15:13:00
〈軽井沢町内循環バス（北コース）内回り〉,〈軽井沢町内循環バス（北コース）内回り〉_便3,1,中軽井沢駅,16:23:00
〈軽井沢町内循環バス（北コース）内回り〉,〈軽井沢町内循環バス（北コース）内回り〉_便4,1,中軽井沢駅,17:38:00
〈軽井沢町内循環バス（北コース）内回り〉,〈軽井沢町内循環バス（北コース）内回り〉_便1,2,軽井沢病院,11:08:00
〈軽井沢町内循環バス（北コース）内回り〉,〈軽井沢町内循環バス（北コース）内回り〉_便2,2,軽井沢病院,15:18:00
〈軽井沢町内循環バス（北コース）内回り〉,〈軽井沢町内循環バス（北コース）内回り〉_便3,2,軽井沢病院,16:28:00
〈軽井沢町内循環バス（北コース）内回り〉,〈軽井沢町内循環バス（北コース）内回り〉_便4,2,軽井沢病院,17:43:00
〈軽井沢町内循環バス（北コース）内回り〉,〈軽井沢町内循環バス（北コース）内回り〉_便1,3,中軽井沢駅,11:12:00
〈軽井沢町内循環バス（北コース）内回り〉,〈軽井沢町内循環バス（北コース）内回り〉_便2,3,中軽井沢駅,15:22:00
〈軽井沢町内循環バス（北コース）内回り〉,〈軽井沢町内循環バス（北コース）内回り〉_便3,3,中軽井沢駅,16:32:00
〈軽井沢町内循環バス（北コース）内回り〉,〈軽井沢町内循環バス（北コース）内回り〉_便4,3,中軽井沢駅,17:47:00
〈軽井沢町内循環バス（北コース）内回り〉,〈軽井沢町内循環バス（北コース）内回り〉_便1,4,中部小入口,11:14:00
〈軽井沢町内循環バス（北コース）内回り〉,〈軽井沢町内循環バス（北コース）内回り〉_便2,4,中部小入口,15:24:00
〈軽井沢町内循環バス（北コース）内回り〉,〈軽井沢町内循環バス（北コース）内回り〉_便3,4,中部小入口,16:34:00
〈軽井沢町内循環バス（北コース）内回り〉,〈軽井沢町内循環バス（北コース）内回り〉_便4,4,中部小入口,17:49:00
〈軽井沢町内循環バス（北コース）内回り〉,〈軽井沢町内循環バス（北コース）内回り〉_便1,5,富ヶ丘,11:16:00
〈軽井沢町内循環バス（北コース）内回り〉,〈軽井沢町内循環バス（北コース）内回り〉_便2,5,富ヶ丘,15:26:00
〈軽井沢町内循環バス（北コース）内回り〉,〈軽井沢町内循環バス（北コース）内回り〉_便3,5,富ヶ丘,16:36:00
〈軽井沢町内循環バス（北コース）内回り〉,〈軽井沢町内循環バス（北コース）内回り〉_便4,5,富ヶ丘,17:51:00
〈軽井沢町内循環バス（北コース）内回り〉,〈軽井沢町内循環バス（北コース）内回り〉_便1,6,上ノ原,11:17:00
〈軽井沢町内循環バス（北コース）内回り〉,〈軽井沢町内循環バス（北コース）内回り〉_便2,6,上ノ原,15:27:00
〈軽井沢町内循環バス（北コース）内回り〉,〈軽井沢町内循環バス（北コース）内回り〉_便3,6,上ノ原,16:37:00
〈軽井沢町内循環バス（北コース）内回り〉,〈軽井沢町内循環バス（北コース）内回り〉_便4,6,上ノ原,17:52:00
〈軽井沢町内循環バス（北コース）内回り〉,〈軽井沢町内循環バス（北コース）内回り〉_便1,7,千ヶ滝別荘管理事務所前,11:18:00
〈軽井沢町内循環バス（北コース）内回り〉,〈軽井沢町内循環バス（北コース）内回り〉_便2,7,千ヶ滝別荘管理事務所前,15:28:00
〈軽井沢町内循環バス（北コース）内回り〉,〈軽井沢町内循環バス（北コース）内回り〉_便3,7,千ヶ滝別荘管理事務所前,16:38:00
〈軽井沢町内循環バス（北コース）内回り〉,〈軽井沢町内循環バス（北コース）内回り〉_便4,7,千ヶ滝別荘管理事務所前,17:53:00
〈軽井沢町内循環バス（北コース）内回り〉,〈軽井沢町内循環バス（北コース）内回り〉_便1,8,せせらぎの里入口,11:20:00
〈軽井沢町内循環バス（北コース）内回り〉,〈軽井沢町内循環バス（北コース）内回り〉_便2,8,せせらぎの里入口,15:30:00
〈軽井沢町内循環バス（北コース）内回り〉,〈軽井沢町内循環バス（北コース）内回り〉_便3,8,せせらぎの里入口,16:40:00
〈軽井沢町内循環バス（北コース）内回り〉,〈軽井沢町内循環バス（北コース）内回り〉_便4,8,せせらぎの里入口,17:55:00
〈軽井沢町内循環バス（北コース）内回り〉,〈軽井沢町内循環バス（北コース）内回り〉_便1,9,あやめヶ丘,11:21:00
〈軽井沢町内循環バス（北コース）内回り〉,〈軽井沢町内循環バス（北コース）内回り〉_便2,9,あやめヶ丘,15:31:00
〈軽井沢町内循環バス（北コース）内回り〉,〈軽井沢町内循環バス（北コース）内回り〉_便3,9,あやめヶ丘,16:41:00
〈軽井沢町内循環バス（北コース）内回り〉,〈軽井沢町内循環バス（北コース）内回り〉_便4,9,あやめヶ丘,17:56:00
〈軽井沢町内循環バス（北コース）内回り〉,〈軽井沢町内循環バス（北コース）内回り〉_便1,10,横道下,11:22:00
〈軽井沢町内循環バス（北コース）内回り〉,〈軽井沢町内循環バス（北コース）内回り〉_便2,10,横道下,15:32:00
〈軽井沢町内循環バス（北コース）内回り〉,〈軽井沢町内循環バス（北コース）内回り〉_便3,10,横道下,16:42:00
〈軽井沢町内循環バス（北コース）内回り〉,〈軽井沢町内循環バス（北コース）内回り〉_便4,10,横道下,17:57:00
〈軽井沢町内循環バス（北コース）内回り〉,〈軽井沢町内循環バス（北コース）内回り〉_便1,11,浅間台,11:25:00
〈軽井沢町内循環バス（北コース）内回り〉,〈軽井沢町内循環バス（北コース）内回り〉_便2,11,浅間台,15:35:00
〈軽井沢町内循環バス（北コース）内回り〉,〈軽井沢町内循環バス（北コース）内回り〉_便3,11,浅間台,16:45:00
〈軽井沢町内循環バス（北コース）内回り〉,〈軽井沢町内循環バス（北コース）内回り〉_便4,11,浅間台,18:00:00
〈軽井沢町内循環バス（北コース）内回り〉,〈軽井沢町内循環バス（北コース）内回り〉_便1,12,大日向,11:28:00
〈軽井沢町内循環バス（北コース）内回り〉,〈軽井沢町内循環バス（北コース）内回り〉_便2,12,大日向,15:38:00
〈軽井沢町内循環バス（北コース）内回り〉,〈軽井沢町内循環バス（北コース）内回り〉_便3,12,大日向,16:48:00
〈軽井沢町内循環バス（北コース）内回り〉,〈軽井沢町内循環バス（北コース）内回り〉_便4,12,大日向,18:03:00
〈軽井沢町内循環バス（北コース）内回り〉,〈軽井沢町内循環バス（北コース）内回り〉_便1,13,浅間台,11:30:00
〈軽井沢町内循環バス（北コース）内回り〉,〈軽井沢町内循環バス（北コース）内回り〉_便2,13,浅間台,15:40:00
〈軽井沢町内循環バス（北コース）内回り〉,〈軽井沢町内循環バス（北コース）内回り〉_便3,13,浅間台,16:50:00
〈軽井沢町内循環バス（北コース）内回り〉,〈軽井沢町内循環バス（北コース）内回り〉_便4,13,浅間台,18:05:00
〈軽井沢町内循環バス（北コース）内回り〉,〈軽井沢町内循環バス（北コース）内回り〉_便1,14,つくしヶ丘西, ×  
〈軽井沢町内循環バス（北コース）内回り〉,〈軽井沢町内循環バス（北コース）内回り〉_便2,14,つくしヶ丘西,15:41:00
〈軽井沢町内循環バス（北コース）内回り〉,〈軽井沢町内循環バス（北コース）内回り〉_便3,14,つくしヶ丘西, ×　
〈軽井沢町内循環バス（北コース）内回り〉,〈軽井沢町内循環バス（北コース）内回り〉_便4,14,つくしヶ丘西,18:06:00
〈軽井沢町内循環バス（北コース）内回り〉,〈軽井沢町内循環バス（北コース）内回り〉_便1,15,借宿団地,11:33:00
〈軽井沢町内循環バス（北コース）内回り〉,〈軽井沢町内循環バス（北コース）内回り〉_便2,15,借宿団地,　×　
〈軽井沢町内循環バス（北コース）内回り〉,〈軽井沢町内循環バス（北コース）内回り〉_便3,15,借宿団地,16:53:00
〈軽井沢町内循環バス（北コース）内回り〉,〈軽井沢町内循環バス（北コース）内回り〉_便4,15,借宿団地,×
〈軽井沢町内循環バス（北コース）内回り〉,〈軽井沢町内循環バス（北コース）内回り〉_便1,16,借宿,11:35:00
〈軽井沢町内循環バス（北コース）内回り〉,〈軽井沢町内循環バス（北コース）内回り〉_便2,16,借宿,　×　
〈軽井沢町内循環バス（北コース）内回り〉,〈軽井沢町内循環バス（北コース）内回り〉_便3,16,借宿,16:55:00
〈軽井沢町内循環バス（北コース）内回り〉,〈軽井沢町内循環バス（北コース）内回り〉_便4,16,借宿,×
〈軽井沢町内循環バス（北コース）内回り〉,〈軽井沢町内循環バス（北コース）内回り〉_便1,17,借宿駅通り中央,11:37:00
〈軽井沢町内循環バス（北コース）内回り〉,〈軽井沢町内循環バス（北コース）内回り〉_便2,17,借宿駅通り中央,15:47:00
〈軽井沢町内循環バス（北コース）内回り〉,〈軽井沢町内循環バス（北コース）内回り〉_便3,17,借宿駅通り中央,16:57:00
〈軽井沢町内循環バス（北コース）内回り〉,〈軽井沢町内循環バス（北コース）内回り〉_便4,17,借宿駅通り中央,18:13:00
〈軽井沢町内循環バス（北コース）内回り〉,〈軽井沢町内循環バス（北コース）内回り〉_便1,18,信濃追分駅,11:40:00
〈軽井沢町内循環バス（北コース）内回り〉,〈軽井沢町内循環バス（北コース）内回り〉_便2,18,信濃追分駅,15:50:00
〈軽井沢町内循環バス（北コース）内回り〉,〈軽井沢町内循環バス（北コース）内回り〉_便3,18,信濃追分駅,17:00:00
〈軽井沢町内循環バス（北コース）内回り〉,〈軽井沢町内循環バス（北コース）内回り〉_便4,18,信濃追分駅,18:15:00
